watki,czas,wynik
1,0.047000170,0.250000000000012
2,0.023999929,0.249999999999989
4,0.013000011,0.249999999999991
8,0.008999825,0.250000000000009
