procesy,czas,gflops
1,0.043596200,4.587556
2,0.022906100,8.731299
4,0.014168600,14.115721
8,0.017052400,11.728554
